<?xml version="1.0" encoding="UTF-8" standalone="no"?> 
<board schema_version="2.0" vendor="EMBEDINN" name="zynqBC" display_name="zynqBC" url="http://www.microzed.org" preset_file="preset.xml" >
  <images>
    <image name="zynqBC.jpg" display_name="zynqBC" sub_type="board">
      <description>zynqBC Image File</description>
    </image>
  </images>
<compatible_board_revisions>
  <revision id="0">a</revision>
</compatible_board_revisions>
<file_version>1.0</file_version>
<description>zynqBC</description>
<components>
  <component name="part0" display_name="zynqBC" type="fpga" part_name="xc7z020clg400-1" pin_map_file="part0_pins.xml" vendor="xilinx" spec_url="http://www.embedinn.org">
    <interfaces>
      <interface mode="master" name="ps7_fixedio" type="xilinx.com:display_processing_system7:fixedio_rtl:1.0" of_component="ps7_fixedio" preset_proc="ps7_preset"> 
      </interface>
    </interfaces>
  </component>
  <component name="ps7_fixedio" display_name="ps7_fixedio" type="chip" sub_type="fixed_io" major_group=""/>
</components>
<jtag_chains>
  <jtag_chain name="chain1">
    <position name="0" component="part0"/>
  </jtag_chain>
</jtag_chains>
<connections>
</connections>
</board>
